{
  "combined": {
    "num__monthly_ir": 0.4505,
    "num__risk_score": 0.3303,
    "num__balance": 0.2447,
    "num__nums_service": 0.0987,
    "num__tenure_ye": 0.0852,
    "num__engagement_score": 0.0793,
    "cat__customer_segment_Priority": 0.0694,
    "cat__customer_segment_Mass": 0.061,
    "num__credit_sco": 0.0574,
    "num__active_member": 0.0412,
    "cat__customer_segment_Emerging": 0.0408,
    "num__age": 0.0305,
    "num__nums_card": 0.0213,
    "cat__digital_behavior_offline": 0.0123,
    "cat__gender_male": 0.012,
    "num__loyalty_level": 0.0118,
    "num__married": 0.01
  },
  "top3": [
    "num__monthly_ir",
    "num__risk_score",
    "num__balance"
  ],
  "rf": {
    "num__risk_score": 0.29819299758319945,
    "num__monthly_ir": 0.2111503852582946,
    "num__balance": 0.1554261701946346,
    "cat__customer_segment_Mass": 0.08301944317028893,
    "num__engagement_score": 0.0731496100547248,
    "num__nums_service": 0.03492181525545436,
    "cat__customer_segment_Priority": 0.03442467033061074,
    "cat__customer_segment_Emerging": 0.02707481486362126,
    "num__credit_sco": 0.026911878974622345,
    "num__tenure_ye": 0.01571037069729089,
    "cat__digital_behavior_offline": 0.014111498677336945,
    "num__active_member": 0.014095750276631527,
    "num__loyalty_level": 0.003913943323461898,
    "num__nums_card": 0.003514454623382089,
    "num__age": 0.0031643207957570314,
    "cat__gender_male": 0.0007233799576183907,
    "num__married": 0.0004944959630700078
  },
  "xgb": {
    "num__risk_score": 0.3577107787132263,
    "num__monthly_ir": 0.14046138525009155,
    "num__nums_service": 0.13515503704547882,
    "num__balance": 0.09038855880498886,
    "num__tenure_ye": 0.06789784133434296,
    "num__nums_card": 0.05188104137778282,
    "num__age": 0.03575509786605835,
    "num__credit_sco": 0.026790287345647812,
    "cat__gender_male": 0.02660549432039261,
    "num__engagement_score": 0.02075524628162384,
    "num__loyalty_level": 0.01919194683432579,
    "num__married": 0.015355599112808704,
    "cat__customer_segment_Emerging": 0.009415174834430218,
    "cat__customer_segment_Mass": 0.002636528806760907,
    "num__active_member": 0.0,
    "cat__customer_segment_Priority": 0.0,
    "cat__digital_behavior_offline": 0.0
  },
  "lr": {
    "num__monthly_ir": 1.0,
    "num__balance": 0.4882,
    "num__risk_score": 0.3349,
    "cat__customer_segment_Priority": 0.1739,
    "num__tenure_ye": 0.1719,
    "num__engagement_score": 0.144,
    "num__nums_service": 0.1259,
    "num__credit_sco": 0.1184,
    "num__active_member": 0.1094,
    "cat__customer_segment_Mass": 0.0974,
    "cat__customer_segment_Emerging": 0.0859,
    "num__age": 0.0525,
    "cat__digital_behavior_offline": 0.0227,
    "num__married": 0.0142,
    "num__loyalty_level": 0.0123,
    "cat__gender_male": 0.0088,
    "num__nums_card": 0.0084
  },
  "insight": {
    "so_lieu": "Top 3 đặc trưng quan trọng nhất: num__monthly_ir, num__risk_score, num__balance",
    "nguyen_nhan": "Các đặc trưng này xuất hiện nhất quán quan trọng trên cả 3 mô hình",
    "ly_do": "Chúng phản ánh hành vi thực tế của khách hàng có nguy cơ rời bỏ cao nhất",
    "huong_xu_ly": "Tập trung monitoring và can thiệp sớm dựa trên num__monthly_ir và num__risk_score"
  }
}